PERIOD,RIDERS_PER_WEEKDAY
AM Peak,15137899.200000033
Evening,5568444.6999999955
Late Night Peak,187016.7000000007
Midday,9067701.800000042
PM Peak,16494126.39999995
