PERIOD,RIDERS_PER_WEEKDAY
AM Peak,2614.0388879295515
Evening,964.2328484848478
Late Night Peak,32.57563142309714
Midday,1564.7457808455638
PM Peak,2852.6680041508043
